{"cameraMode":{"drawMode":0,"name":"Shaded","section":"Shading Mode"},"sceneLighting":true,"audioPlay":false,"sceneViewState":{"showFog":false,"showMaterialUpdate":false,"showSkybox":false,"showFlares":false,"showImageEffects":false,"showParticleSystems":false},"in2DMode":false,"pivot":{"x":5.058343410491943,"y":1.1250337362289429,"z":-2.0667905807495119},"rotation":{"x":0.029502196237444879,"y":-0.2285459041595459,"z":0.006932785734534264,"w":0.9730790257453919},"size":8.47349739074707,"orthographic":false}