{"cameraMode":{"drawMode":0,"name":"Shaded","section":"Shading Mode"},"sceneLighting":true,"audioPlay":false,"sceneViewState":{"showFog":false,"showMaterialUpdate":false,"showSkybox":false,"showFlares":false,"showImageEffects":false,"showParticleSystems":false},"in2DMode":false,"pivot":{"x":-0.22762584686279298,"y":-0.41344356536865237,"z":-4.195810794830322},"rotation":{"x":-0.17164163291454316,"y":-0.7917263507843018,"z":0.2583044469356537,"w":-0.5264256000518799},"size":6.589630126953125,"orthographic":false}