{"cameraMode":{"drawMode":0,"name":"Shaded","section":"Shading Mode"},"sceneLighting":true,"audioPlay":false,"sceneViewState":{"showFog":false,"showMaterialUpdate":false,"showSkybox":false,"showFlares":false,"showImageEffects":false,"showParticleSystems":false},"in2DMode":false,"pivot":{"x":-3.1018166542053224,"y":2.8857498168945314,"z":-6.816126823425293},"rotation":{"x":-0.35271120071411135,"y":0.025825686752796174,"z":-0.00972661655396223,"w":-0.9353432655334473},"size":7.431791305541992,"orthographic":false}