{"cameraMode":{"drawMode":0,"name":"Shaded","section":"Shading Mode"},"sceneLighting":true,"audioPlay":false,"sceneViewState":{"showFog":false,"showMaterialUpdate":false,"showSkybox":false,"showFlares":false,"showImageEffects":false,"showParticleSystems":false},"in2DMode":false,"pivot":{"x":-2.0873754024505617,"y":2.7225637435913088,"z":1.2244558334350587},"rotation":{"x":0.08998758345842362,"y":0.806180477142334,"z":-0.12703745067119599,"w":0.5708871483802795},"size":1.2131319046020508,"orthographic":false}