{"cameraMode":{"drawMode":0,"name":"Shaded","section":"Shading Mode"},"sceneLighting":true,"audioPlay":false,"sceneViewState":{"showFog":false,"showMaterialUpdate":false,"showSkybox":false,"showFlares":false,"showImageEffects":false,"showParticleSystems":false},"in2DMode":false,"pivot":{"x":-1.757670283317566,"y":4.316896915435791,"z":0.8748975396156311},"rotation":{"x":-0.08268537372350693,"y":0.18864963948726655,"z":-0.01596919074654579,"w":-0.9784677624702454},"size":3.013131618499756,"orthographic":false}