{"cameraMode":{"drawMode":0,"name":"Shaded","section":"Shading Mode"},"sceneLighting":true,"audioPlay":false,"sceneViewState":{"showFog":false,"showMaterialUpdate":false,"showSkybox":false,"showFlares":false,"showImageEffects":false,"showParticleSystems":false},"in2DMode":false,"pivot":{"x":0.20306453108787538,"y":1.328324794769287,"z":0.7731349468231201},"rotation":{"x":-0.12003956735134125,"y":0.15419059991836549,"z":-0.018872354179620744,"w":-0.9805837273597717},"size":2.1131317615509035,"orthographic":false}