{"cameraMode":{"drawMode":0,"name":"Shaded","section":"Shading Mode"},"sceneLighting":true,"audioPlay":false,"sceneViewState":{"showFog":false,"showMaterialUpdate":false,"showSkybox":false,"showFlares":false,"showImageEffects":false,"showParticleSystems":false},"in2DMode":false,"pivot":{"x":-0.32487738132476809,"y":0.39993947744369509,"z":0.06443585455417633},"rotation":{"x":0.05127759277820587,"y":-0.02065870352089405,"z":0.0010673734359443188,"w":0.9984960556030273},"size":2.023805856704712,"orthographic":false}