{"cameraMode":{"drawMode":0,"name":"Shaded","section":"Shading Mode"},"sceneLighting":true,"audioPlay":false,"sceneViewState":{"showFog":false,"showMaterialUpdate":false,"showSkybox":false,"showFlares":false,"showImageEffects":false,"showParticleSystems":false},"in2DMode":false,"pivot":{"x":2.457960605621338,"y":0.8093615770339966,"z":1.1699628829956055},"rotation":{"x":-0.06133086234331131,"y":0.11945851147174835,"z":-0.007387383840978146,"w":-0.9909729957580566},"size":4.813131809234619,"orthographic":false}