{"cameraMode":{"drawMode":0,"name":"Shaded","section":"Shading Mode"},"sceneLighting":true,"audioPlay":false,"sceneViewState":{"showFog":true,"showMaterialUpdate":true,"showSkybox":true,"showFlares":true,"showImageEffects":true,"showParticleSystems":true},"in2DMode":false,"pivot":{"x":3.7909998893737795,"y":0.947632908821106,"z":-0.13167715072631837},"rotation":{"x":0.034623220562934878,"y":-0.24133950471878053,"z":-0.008627557195723057,"w":-0.9697846174240112},"size":3.670900344848633,"orthographic":false}