{"cameraMode":{"drawMode":0,"name":"Shaded","section":"Shading Mode"},"sceneLighting":false,"audioPlay":false,"sceneViewState":{"showFog":true,"showMaterialUpdate":true,"showSkybox":true,"showFlares":true,"showImageEffects":true,"showParticleSystems":true},"in2DMode":false,"pivot":{"x":1.2757158279418946,"y":0.947632908821106,"z":0.21751832962036134},"rotation":{"x":-0.01812737062573433,"y":0.9802805185317993,"z":-0.10807947814464569,"w":-0.1644398272037506},"size":3.7863216400146486,"orthographic":false}