{"cameraMode":{"drawMode":0,"name":"Shaded","section":"Shading Mode"},"sceneLighting":true,"audioPlay":false,"sceneViewState":{"showFog":true,"showMaterialUpdate":true,"showSkybox":true,"showFlares":true,"showImageEffects":true,"showParticleSystems":true},"in2DMode":false,"pivot":{"x":-2.336045503616333,"y":1.5927133560180665,"z":-0.5972594022750855},"rotation":{"x":-0.00112689018715173,"y":0.9624711871147156,"z":0.004035213962197304,"w":0.27135181427001955},"size":1.5756285190582276,"orthographic":false}